feature,healthy_median,failed_median,median_diff,healthy_mean,failed_mean,mean_ratio_failed_to_healthy,missing_pct
r_5,0.0,3.0,3.0,7.061879377620168,126.4047412546979,17.899589400420474,0.00014160655468420323
r_9,30997.0,23221.0,-7776.0,30440.156571161853,27884.30297773923,0.9160367790011972,0.00014160655468420323
r_12,20.0,24.0,4.0,31.81004478741415,35.57865168539326,1.1184722286046633,0.9061403434242163
r_175,984102929038.0,1215754535223.0,231651606185.0,978094952281.106,1121985332736.0225,1.1471128954498093,50.79851936186422
n_5,100.0,100.0,0.0,99.72963988604313,98.10291991905174,0.9836887010837483,0.00014160655468420323
n_9,100.0,100.0,0.0,98.4888263068468,98.89071986123157,1.004080600505205,0.00014160655468420323
n_12,100.0,100.0,0.0,99.75370081318091,99.7806031933767,1.0002696880414108,0.9061403434242163
n_175,100.0,100.0,0.0,99.84652004711533,88.13483146067416,0.8827030868886098,50.79851936186422
