feature,meaning,healthy_mean,failed_mean,failed_to_healthy_mean_ratio,healthy_nonzero_rate,failed_nonzero_rate,missing_pct
r_5,Reallocated sector count,7.061879377620168,126.4047412546979,17.899589400420474,0.08510181109768714,0.6736050881757734,0.00014160655468420323
r_9,Power on hours,30440.156571161853,27884.30297773923,0.9160367790011972,0.9999971539283615,1.0,0.00014160655468420323
r_12,Power cycle count,31.81004478741415,35.57865168539326,1.1184722286046633,0.9910021445149796,0.9777392309916161,0.9061403434242163
r_175,Power loss protection failure,978094952281.106,1121985332736.0225,1.1471128954498093,0.49291683920975976,0.30875975715524717,50.79851936186422
